{
	"class_name" : "ViewTrajectory",
	"interval" : 29,
	"is_loop" : false,
	"trajectory" : 
	[
		{
			"boundingbox_max" : [ 8.2301349639892578, 20.088830947875977, 12.342525482177734 ],
			"boundingbox_min" : [ -16.881155014038086, -10.569036483764648, -3.8417661190032959 ],
			"field_of_view" : 60.0,
			"front" : [ 0.37031130709595955, 0.21905206843574276, -0.90271021216717418 ],
			"lookat" : [ -2.376201801394493, 3.9327779307048512, 0.20156013100726822 ],
			"up" : [ 0.095610204756359091, -0.9756243791055389, -0.19752407357428337 ],
			"zoom" : 0.25399999999999939
		}
	],
	"version_major" : 1,
	"version_minor" : 0
}