{
	"class_name" : "ViewTrajectory",
	"interval" : 29,
	"is_loop" : false,
	"trajectory" : 
	[
		{
			"boundingbox_max" : [ 14.037143707275391, 13.39987850189209, 18.216508865356445 ],
			"boundingbox_min" : [ -16.505245208740234, -7.2576580047607422, -1.188340425491333 ],
			"field_of_view" : 60.0,
			"front" : [ -0.65924762861008113, -0.72692511747962729, -0.19228218260986826 ],
			"lookat" : [ 0.2321755865601022, -0.38138189315996557, 2.7805132034957913 ],
			"up" : [ 0.21528101531267452, 0.062543686073890867, -0.97454726503040112 ],
			"zoom" : 0.062000000000000041
		}
	],
	"version_major" : 1,
	"version_minor" : 0
}