{
	"class_name" : "ViewTrajectory",
	"interval" : 29,
	"is_loop" : false,
	"trajectory" : 
	[
		{
			"boundingbox_max" : [ 14.037143707275391, 13.39987850189209, 18.216508865356445 ],
			"boundingbox_min" : [ -16.505245208740234, -7.2576580047607422, -1.188340425491333 ],
			"field_of_view" : 60.0,
			"front" : [ 0.099817825642863386, 0.34482251248109397, -0.93334550760699375 ],
			"lookat" : [ -0.33296718503949008, -2.053454348058906, 2.7567735012545413 ],
			"up" : [ -0.24118861202573505, -0.90166990278826153, -0.35891425136779753 ],
			"zoom" : 0.063999999999999974
		}
	],
	"version_major" : 1,
	"version_minor" : 0
}