{
	"class_name" : "ViewTrajectory",
	"interval" : 29,
	"is_loop" : false,
	"trajectory" : 
	[
		{
			"boundingbox_max" : [ 14.037143707275391, 13.39987850189209, 18.216508865356445 ],
			"boundingbox_min" : [ -16.505245208740234, -7.2576580047607422, -1.188340425491333 ],
			"field_of_view" : 60.0,
			"front" : [ -0.53838223230684024, -0.82866435245260617, -0.15316645491296915 ],
			"lookat" : [ 0.20567863624251626, -0.40321477924325855, 2.6389899815091291 ],
			"up" : [ 0.14798405941123802, 0.085963337161015577, -0.98524668120441428 ],
			"zoom" : 0.054000000000000048
		}
	],
	"version_major" : 1,
	"version_minor" : 0
}