{
	"class_name" : "ViewTrajectory",
	"interval" : 29,
	"is_loop" : false,
	"trajectory" : 
	[
		{
			"boundingbox_max" : [ 42.251571655273438, 68.26287841796875, 74.070411682128906 ],
			"boundingbox_min" : [ -146.13983154296875, -49.209434509277344, -1.4007189273834229 ],
			"field_of_view" : 60.0,
			"front" : [ -0.2030374998301534, 0.51344437335827342, -0.83375694847446435 ],
			"lookat" : [ 7.1753479169292067, -16.508212409127363, 35.587899742093931 ],
			"up" : [ 0.36193860176539078, -0.75183266059090637, -0.55113346752026671 ],
			"zoom" : 0.15588244628906214
		}
	],
	"version_major" : 1,
	"version_minor" : 0
}